index,file,position_mm
1,slice_0001_-6.96mm.png,-6.96
2,slice_0002_-7.59mm.png,-7.59
3,slice_0003_-8.21mm.png,-8.21
4,slice_0004_-8.84mm.png,-8.84
5,slice_0005_-9.46mm.png,-9.46
6,slice_0006_-10.09mm.png,-10.09
7,slice_0007_-10.71mm.png,-10.71
8,slice_0008_-11.34mm.png,-11.34
9,slice_0009_-11.96mm.png,-11.96
10,slice_0010_-12.59mm.png,-12.59
11,slice_0011_-13.21mm.png,-13.21
12,slice_0012_-13.84mm.png,-13.84
13,slice_0013_-14.46mm.png,-14.46
14,slice_0014_-15.09mm.png,-15.09
15,slice_0015_-15.71mm.png,-15.71
16,slice_0016_-16.34mm.png,-16.34
17,slice_0017_-16.96mm.png,-16.96
18,slice_0018_-17.59mm.png,-17.59
19,slice_0019_-18.21mm.png,-18.21
20,slice_0020_-18.84mm.png,-18.84
21,slice_0021_-19.46mm.png,-19.46
22,slice_0022_-20.09mm.png,-20.09
23,slice_0023_-20.71mm.png,-20.71
24,slice_0024_-21.34mm.png,-21.34
25,slice_0025_-21.96mm.png,-21.96
26,slice_0026_-22.59mm.png,-22.59
27,slice_0027_-23.21mm.png,-23.21
28,slice_0028_-23.84mm.png,-23.84
29,slice_0029_-24.46mm.png,-24.46
30,slice_0030_-25.09mm.png,-25.09
31,slice_0031_-25.71mm.png,-25.71
32,slice_0032_-26.34mm.png,-26.34
33,slice_0033_-26.96mm.png,-26.96
34,slice_0034_-27.59mm.png,-27.59
35,slice_0035_-28.21mm.png,-28.21
36,slice_0036_-28.84mm.png,-28.84
37,slice_0037_-29.46mm.png,-29.46
38,slice_0038_-30.09mm.png,-30.09
39,slice_0039_-30.71mm.png,-30.71
40,slice_0040_-31.34mm.png,-31.34
41,slice_0041_-31.96mm.png,-31.96
42,slice_0042_-32.59mm.png,-32.59
43,slice_0043_-33.21mm.png,-33.21
44,slice_0044_-33.84mm.png,-33.84
45,slice_0045_-34.46mm.png,-34.46
46,slice_0046_-35.09mm.png,-35.09
47,slice_0047_-35.71mm.png,-35.71
48,slice_0048_-36.34mm.png,-36.34
49,slice_0049_-36.96mm.png,-36.96
50,slice_0050_-37.59mm.png,-37.59
51,slice_0051_-38.21mm.png,-38.21
52,slice_0052_-38.84mm.png,-38.84
53,slice_0053_-39.46mm.png,-39.46
54,slice_0054_-40.09mm.png,-40.09
55,slice_0055_-40.71mm.png,-40.71
56,slice_0056_-41.34mm.png,-41.34
57,slice_0057_-41.96mm.png,-41.96
58,slice_0058_-42.59mm.png,-42.59
59,slice_0059_-43.21mm.png,-43.21
60,slice_0060_-43.84mm.png,-43.84
61,slice_0061_-44.46mm.png,-44.46
62,slice_0062_-45.09mm.png,-45.09
63,slice_0063_-45.71mm.png,-45.71
64,slice_0064_-46.34mm.png,-46.34
65,slice_0065_-46.96mm.png,-46.96
66,slice_0066_-47.59mm.png,-47.59
67,slice_0067_-48.21mm.png,-48.21
68,slice_0068_-48.84mm.png,-48.84
69,slice_0069_-49.46mm.png,-49.46
70,slice_0070_-50.09mm.png,-50.09
71,slice_0071_-50.71mm.png,-50.71
72,slice_0072_-51.34mm.png,-51.34
73,slice_0073_-51.96mm.png,-51.96
74,slice_0074_-52.59mm.png,-52.59
75,slice_0075_-53.21mm.png,-53.21
76,slice_0076_-53.84mm.png,-53.84
77,slice_0077_-54.46mm.png,-54.46
78,slice_0078_-55.09mm.png,-55.09
79,slice_0079_-55.71mm.png,-55.71
80,slice_0080_-56.34mm.png,-56.34
81,slice_0081_-56.96mm.png,-56.96
82,slice_0082_-57.59mm.png,-57.59
83,slice_0083_-58.21mm.png,-58.21
84,slice_0084_-58.84mm.png,-58.84
85,slice_0085_-59.46mm.png,-59.46
86,slice_0086_-60.09mm.png,-60.09
87,slice_0087_-60.71mm.png,-60.71
88,slice_0088_-61.34mm.png,-61.34
89,slice_0089_-61.96mm.png,-61.96
90,slice_0090_-62.59mm.png,-62.59
91,slice_0091_-63.21mm.png,-63.21
92,slice_0092_-63.84mm.png,-63.84
93,slice_0093_-64.46mm.png,-64.46
94,slice_0094_-65.09mm.png,-65.09
95,slice_0095_-65.71mm.png,-65.71
96,slice_0096_-66.34mm.png,-66.34
97,slice_0097_-66.96mm.png,-66.96
98,slice_0098_-67.59mm.png,-67.59
99,slice_0099_-68.21mm.png,-68.21
100,slice_0100_-68.84mm.png,-68.84
101,slice_0101_-69.46mm.png,-69.46
102,slice_0102_-70.09mm.png,-70.09
103,slice_0103_-70.71mm.png,-70.71
104,slice_0104_-71.34mm.png,-71.34
105,slice_0105_-71.96mm.png,-71.96
106,slice_0106_-72.59mm.png,-72.59
107,slice_0107_-73.21mm.png,-73.21
108,slice_0108_-73.84mm.png,-73.84
109,slice_0109_-74.46mm.png,-74.46
110,slice_0110_-75.09mm.png,-75.09
111,slice_0111_-75.71mm.png,-75.71
112,slice_0112_-76.34mm.png,-76.34
113,slice_0113_-76.96mm.png,-76.96
114,slice_0114_-77.59mm.png,-77.59
115,slice_0115_-78.21mm.png,-78.21
116,slice_0116_-78.84mm.png,-78.84
117,slice_0117_-79.46mm.png,-79.46
118,slice_0118_-80.09mm.png,-80.09
119,slice_0119_-80.71mm.png,-80.71
120,slice_0120_-81.34mm.png,-81.34
121,slice_0121_-81.96mm.png,-81.96
122,slice_0122_-82.59mm.png,-82.59
123,slice_0123_-83.21mm.png,-83.21
124,slice_0124_-83.84mm.png,-83.84
125,slice_0125_-84.46mm.png,-84.46
126,slice_0126_-85.09mm.png,-85.09
127,slice_0127_-85.71mm.png,-85.71
128,slice_0128_-86.34mm.png,-86.34
129,slice_0129_-86.96mm.png,-86.96
130,slice_0130_-87.59mm.png,-87.59
131,slice_0131_-88.21mm.png,-88.21
132,slice_0132_-88.84mm.png,-88.84
133,slice_0133_-89.46mm.png,-89.46
134,slice_0134_-90.09mm.png,-90.09
135,slice_0135_-90.71mm.png,-90.71
136,slice_0136_-91.34mm.png,-91.34
137,slice_0137_-91.96mm.png,-91.96
138,slice_0138_-92.59mm.png,-92.59
139,slice_0139_-93.21mm.png,-93.21
140,slice_0140_-93.84mm.png,-93.84
141,slice_0141_-94.46mm.png,-94.46
142,slice_0142_-95.09mm.png,-95.09
143,slice_0143_-95.71mm.png,-95.71
144,slice_0144_-96.34mm.png,-96.34
145,slice_0145_-96.96mm.png,-96.96
146,slice_0146_-97.59mm.png,-97.59
147,slice_0147_-98.21mm.png,-98.21
148,slice_0148_-98.84mm.png,-98.84
149,slice_0149_-99.46mm.png,-99.46
150,slice_0150_-100.09mm.png,-100.09
151,slice_0151_-100.71mm.png,-100.71
152,slice_0152_-101.34mm.png,-101.34
153,slice_0153_-101.96mm.png,-101.96
154,slice_0154_-102.59mm.png,-102.59
155,slice_0155_-103.21mm.png,-103.21
156,slice_0156_-103.84mm.png,-103.84
157,slice_0157_-104.46mm.png,-104.46
158,slice_0158_-105.09mm.png,-105.09
159,slice_0159_-105.71mm.png,-105.71
160,slice_0160_-106.34mm.png,-106.34
161,slice_0161_-106.96mm.png,-106.96
162,slice_0162_-107.59mm.png,-107.59
163,slice_0163_-108.21mm.png,-108.21
164,slice_0164_-108.84mm.png,-108.84
165,slice_0165_-109.46mm.png,-109.46
166,slice_0166_-110.09mm.png,-110.09
167,slice_0167_-110.71mm.png,-110.71
168,slice_0168_-111.34mm.png,-111.34
169,slice_0169_-111.96mm.png,-111.96
170,slice_0170_-112.59mm.png,-112.59
171,slice_0171_-113.21mm.png,-113.21
172,slice_0172_-113.84mm.png,-113.84
173,slice_0173_-114.46mm.png,-114.46
174,slice_0174_-115.09mm.png,-115.09
175,slice_0175_-115.71mm.png,-115.71
176,slice_0176_-116.34mm.png,-116.34
177,slice_0177_-116.96mm.png,-116.96
178,slice_0178_-117.59mm.png,-117.59
179,slice_0179_-118.21mm.png,-118.21
180,slice_0180_-118.84mm.png,-118.84
181,slice_0181_-119.46mm.png,-119.46
182,slice_0182_-120.09mm.png,-120.09
183,slice_0183_-120.71mm.png,-120.71
184,slice_0184_-121.34mm.png,-121.34
185,slice_0185_-121.96mm.png,-121.96
186,slice_0186_-122.59mm.png,-122.59
187,slice_0187_-123.21mm.png,-123.21
188,slice_0188_-123.84mm.png,-123.84
189,slice_0189_-124.46mm.png,-124.46
190,slice_0190_-125.09mm.png,-125.09
191,slice_0191_-125.71mm.png,-125.71
192,slice_0192_-126.34mm.png,-126.34
193,slice_0193_-126.96mm.png,-126.96
194,slice_0194_-127.59mm.png,-127.59
195,slice_0195_-128.21mm.png,-128.21
196,slice_0196_-128.84mm.png,-128.84
197,slice_0197_-129.46mm.png,-129.46
198,slice_0198_-130.09mm.png,-130.09
199,slice_0199_-130.71mm.png,-130.71
200,slice_0200_-131.34mm.png,-131.34
201,slice_0201_-131.96mm.png,-131.96
202,slice_0202_-132.59mm.png,-132.59
203,slice_0203_-133.21mm.png,-133.21
204,slice_0204_-133.84mm.png,-133.84
205,slice_0205_-134.46mm.png,-134.46
206,slice_0206_-135.09mm.png,-135.09
207,slice_0207_-135.71mm.png,-135.71
208,slice_0208_-136.34mm.png,-136.34
209,slice_0209_-136.96mm.png,-136.96
