index,file,position_mm,sharpness,saw_loading
1,slice_0001_-6.96mm.png,-6.96,7.5,False
2,slice_0002_-7.58mm.png,-7.585,7.2,False
3,slice_0003_-8.21mm.png,-8.21,7.3,True
4,slice_0004_-8.84mm.png,-8.835,7.5,False
5,slice_0005_-9.46mm.png,-9.46,7.5,False
6,slice_0006_-10.09mm.png,-10.085,7.5,False
7,slice_0007_-10.71mm.png,-10.71,7.4,False
8,slice_0008_-11.34mm.png,-11.335,7.4,False
9,slice_0009_-11.96mm.png,-11.96,7.4,False
10,slice_0010_-12.59mm.png,-12.585,7.5,False
11,slice_0011_-13.21mm.png,-13.21,7.5,False
12,slice_0012_-13.84mm.png,-13.835,7.7,False
13,slice_0013_-14.46mm.png,-14.46,7.8,False
14,slice_0014_-15.09mm.png,-15.085,7.9,False
15,slice_0015_-15.71mm.png,-15.71,7.9,False
16,slice_0016_-16.34mm.png,-16.335,7.7,False
17,slice_0017_-16.96mm.png,-16.96,7.4,False
18,slice_0018_-17.59mm.png,-17.585,7.2,False
19,slice_0019_-18.21mm.png,-18.21,7.1,False
20,slice_0020_-18.84mm.png,-18.835,7.1,False
21,slice_0021_-19.46mm.png,-19.46,7.2,False
22,slice_0022_-20.09mm.png,-20.085,7.2,False
23,slice_0023_-20.71mm.png,-20.71,7.4,False
24,slice_0024_-21.34mm.png,-21.335,7.5,False
25,slice_0025_-21.96mm.png,-21.96,7.6,False
26,slice_0026_-22.59mm.png,-22.585,7.7,False
27,slice_0027_-23.21mm.png,-23.21,7.6,False
28,slice_0028_-23.84mm.png,-23.835,7.6,False
29,slice_0029_-24.46mm.png,-24.46,7.4,False
30,slice_0030_-25.09mm.png,-25.085,7.3,False
31,slice_0031_-25.71mm.png,-25.71,7.3,False
32,slice_0032_-26.34mm.png,-26.335,7.3,False
33,slice_0033_-26.96mm.png,-26.96,7.4,False
34,slice_0034_-27.59mm.png,-27.585,7.4,False
35,slice_0035_-28.21mm.png,-28.21,7.5,False
36,slice_0036_-28.84mm.png,-28.835,7.4,False
37,slice_0037_-29.46mm.png,-29.46,7.1,False
38,slice_0038_-30.09mm.png,-30.085,6.8,False
39,slice_0039_-30.71mm.png,-30.71,6.8,False
40,slice_0040_-31.34mm.png,-31.335,7.0,False
41,slice_0041_-31.96mm.png,-31.96,7.2,False
42,slice_0042_-32.59mm.png,-32.585,7.5,False
43,slice_0043_-33.21mm.png,-33.21,7.6,False
44,slice_0044_-33.84mm.png,-33.835,7.7,False
45,slice_0045_-34.46mm.png,-34.46,7.5,False
46,slice_0046_-35.09mm.png,-35.085,7.3,False
47,slice_0047_-35.71mm.png,-35.71,7.2,False
48,slice_0048_-36.34mm.png,-36.335,7.2,False
49,slice_0049_-36.96mm.png,-36.96,7.0,False
50,slice_0050_-37.59mm.png,-37.585,6.9,False
51,slice_0051_-38.21mm.png,-38.21,6.9,False
52,slice_0052_-38.84mm.png,-38.835,6.8,False
53,slice_0053_-39.46mm.png,-39.46,6.7,False
54,slice_0054_-40.09mm.png,-40.085,6.6,False
55,slice_0055_-40.71mm.png,-40.71,6.4,False
56,slice_0056_-41.34mm.png,-41.335,6.4,False
57,slice_0057_-41.96mm.png,-41.96,6.4,False
58,slice_0058_-42.59mm.png,-42.585,6.4,False
59,slice_0059_-43.21mm.png,-43.21,6.3,False
60,slice_0060_-43.84mm.png,-43.835,6.2,False
61,slice_0061_-44.46mm.png,-44.46,6.3,False
62,slice_0062_-45.09mm.png,-45.085,6.4,False
63,slice_0063_-45.71mm.png,-45.71,6.5,False
64,slice_0064_-46.34mm.png,-46.335,6.6,False
65,slice_0065_-46.96mm.png,-46.96,6.7,False
66,slice_0066_-47.59mm.png,-47.585,6.7,False
67,slice_0067_-48.21mm.png,-48.21,6.5,False
68,slice_0068_-48.84mm.png,-48.835,6.7,False
69,slice_0069_-49.46mm.png,-49.46,6.8,False
70,slice_0070_-50.09mm.png,-50.085,6.8,False
71,slice_0071_-50.71mm.png,-50.71,6.7,False
72,slice_0072_-51.34mm.png,-51.335,6.9,False
73,slice_0073_-51.96mm.png,-51.96,7.0,False
74,slice_0074_-52.59mm.png,-52.585,7.0,False
75,slice_0075_-53.21mm.png,-53.21,7.1,False
76,slice_0076_-53.84mm.png,-53.835,7.1,False
77,slice_0077_-54.46mm.png,-54.46,7.1,False
78,slice_0078_-55.09mm.png,-55.085,7.2,False
79,slice_0079_-55.71mm.png,-55.71,7.2,False
80,slice_0080_-56.34mm.png,-56.335,7.1,False
81,slice_0081_-56.96mm.png,-56.96,7.1,False
82,slice_0082_-57.59mm.png,-57.585,7.2,False
83,slice_0083_-58.21mm.png,-58.21,7.3,False
84,slice_0084_-58.84mm.png,-58.835,7.5,False
85,slice_0085_-59.46mm.png,-59.46,7.6,False
86,slice_0086_-60.09mm.png,-60.085,7.6,False
87,slice_0087_-60.71mm.png,-60.71,7.7,False
88,slice_0088_-61.34mm.png,-61.335,8.1,False
89,slice_0089_-61.96mm.png,-61.96,8.3,False
90,slice_0090_-62.59mm.png,-62.585,8.6,False
91,slice_0091_-63.21mm.png,-63.21,8.8,False
92,slice_0092_-63.84mm.png,-63.835,8.9,False
93,slice_0093_-64.46mm.png,-64.46,8.8,False
94,slice_0094_-65.08mm.png,-65.085,8.9,False
95,slice_0095_-65.71mm.png,-65.71,8.7,False
96,slice_0096_-66.33mm.png,-66.335,8.6,False
97,slice_0097_-66.96mm.png,-66.96,8.5,False
98,slice_0098_-67.58mm.png,-67.585,8.4,False
99,slice_0099_-68.21mm.png,-68.21,8.2,False
100,slice_0100_-68.83mm.png,-68.835,8.1,False
101,slice_0101_-69.46mm.png,-69.46,8.2,False
102,slice_0102_-70.08mm.png,-70.085,8.0,False
103,slice_0103_-70.71mm.png,-70.71,8.2,False
104,slice_0104_-71.33mm.png,-71.335,8.3,False
105,slice_0105_-71.96mm.png,-71.96,8.3,False
106,slice_0106_-72.58mm.png,-72.585,8.3,False
107,slice_0107_-73.21mm.png,-73.21,8.2,False
108,slice_0108_-73.83mm.png,-73.835,8.1,False
109,slice_0109_-74.46mm.png,-74.46,8.0,False
110,slice_0110_-75.08mm.png,-75.085,8.0,False
111,slice_0111_-75.71mm.png,-75.71,8.0,False
112,slice_0112_-76.33mm.png,-76.335,7.8,False
113,slice_0113_-76.96mm.png,-76.96,7.9,False
114,slice_0114_-77.58mm.png,-77.585,8.0,False
115,slice_0115_-78.21mm.png,-78.21,8.2,False
116,slice_0116_-78.83mm.png,-78.835,8.3,False
117,slice_0117_-79.46mm.png,-79.46,8.3,False
118,slice_0118_-80.08mm.png,-80.085,8.3,False
119,slice_0119_-80.71mm.png,-80.71,8.3,False
120,slice_0120_-81.33mm.png,-81.335,8.2,False
121,slice_0121_-81.96mm.png,-81.96,8.3,False
122,slice_0122_-82.58mm.png,-82.585,8.3,False
123,slice_0123_-83.21mm.png,-83.21,8.3,False
124,slice_0124_-83.83mm.png,-83.835,8.3,False
125,slice_0125_-84.46mm.png,-84.46,8.1,False
126,slice_0126_-85.08mm.png,-85.085,7.9,False
127,slice_0127_-85.71mm.png,-85.71,7.7,False
128,slice_0128_-86.33mm.png,-86.335,7.8,False
129,slice_0129_-86.96mm.png,-86.96,7.9,False
130,slice_0130_-87.58mm.png,-87.585,8.2,False
131,slice_0131_-88.21mm.png,-88.21,8.3,False
132,slice_0132_-88.83mm.png,-88.835,8.0,False
133,slice_0133_-89.46mm.png,-89.46,8.3,False
134,slice_0134_-90.08mm.png,-90.085,8.3,False
135,slice_0135_-90.71mm.png,-90.71,8.1,False
136,slice_0136_-91.33mm.png,-91.335,8.0,False
137,slice_0137_-91.96mm.png,-91.96,8.0,False
138,slice_0138_-92.58mm.png,-92.585,8.0,False
139,slice_0139_-93.21mm.png,-93.21,8.1,False
140,slice_0140_-93.83mm.png,-93.835,8.1,False
141,slice_0141_-94.46mm.png,-94.46,8.0,False
142,slice_0142_-95.08mm.png,-95.085,7.7,False
143,slice_0143_-95.71mm.png,-95.71,7.4,False
144,slice_0144_-96.33mm.png,-96.335,7.3,False
145,slice_0145_-96.96mm.png,-96.96,7.2,False
146,slice_0146_-97.58mm.png,-97.585,7.4,False
147,slice_0147_-98.21mm.png,-98.21,7.6,False
148,slice_0148_-98.83mm.png,-98.835,8.0,False
149,slice_0149_-99.46mm.png,-99.46,8.3,False
150,slice_0150_-100.08mm.png,-100.085,8.4,False
151,slice_0151_-100.71mm.png,-100.71,8.7,False
152,slice_0152_-101.33mm.png,-101.335,8.8,False
153,slice_0153_-101.96mm.png,-101.96,9.0,False
154,slice_0154_-102.58mm.png,-102.585,9.2,False
155,slice_0155_-103.21mm.png,-103.21,9.3,False
156,slice_0156_-103.83mm.png,-103.835,9.3,False
157,slice_0157_-104.46mm.png,-104.46,9.2,False
158,slice_0158_-105.08mm.png,-105.085,9.2,False
159,slice_0159_-105.71mm.png,-105.71,9.1,False
160,slice_0160_-106.33mm.png,-106.335,9.3,False
161,slice_0161_-106.96mm.png,-106.96,9.5,False
162,slice_0162_-107.58mm.png,-107.585,9.3,False
163,slice_0163_-108.21mm.png,-108.21,9.0,False
164,slice_0164_-108.83mm.png,-108.835,8.9,False
165,slice_0165_-109.46mm.png,-109.46,8.8,False
166,slice_0166_-110.08mm.png,-110.085,8.7,False
167,slice_0167_-110.71mm.png,-110.71,8.8,False
168,slice_0168_-111.33mm.png,-111.335,8.7,False
169,slice_0169_-111.96mm.png,-111.96,8.7,False
170,slice_0170_-112.58mm.png,-112.585,8.7,False
171,slice_0171_-113.21mm.png,-113.21,8.6,False
172,slice_0172_-113.83mm.png,-113.835,8.5,False
173,slice_0173_-114.46mm.png,-114.46,8.3,False
174,slice_0174_-115.08mm.png,-115.085,8.2,False
175,slice_0175_-115.71mm.png,-115.71,8.3,False
176,slice_0176_-116.33mm.png,-116.335,8.4,False
177,slice_0177_-116.96mm.png,-116.96,8.6,False
178,slice_0178_-117.58mm.png,-117.585,8.8,False
179,slice_0179_-118.21mm.png,-118.21,9.2,False
180,slice_0180_-118.83mm.png,-118.835,9.7,False
181,slice_0181_-119.46mm.png,-119.46,10.2,False
182,slice_0182_-120.08mm.png,-120.085,10.6,False
183,slice_0183_-120.71mm.png,-120.71,11.3,False
184,slice_0184_-121.33mm.png,-121.335,11.6,False
185,slice_0185_-121.96mm.png,-121.96,11.1,False
186,slice_0186_-122.58mm.png,-122.585,11.3,False
187,slice_0187_-123.21mm.png,-123.21,11.3,False
188,slice_0188_-123.83mm.png,-123.835,11.7,False
189,slice_0189_-124.46mm.png,-124.46,13.2,False
190,slice_0190_-125.08mm.png,-125.085,14.4,False
191,slice_0191_-125.71mm.png,-125.71,15.1,False
192,slice_0192_-126.33mm.png,-126.335,15.7,False
193,slice_0193_-126.96mm.png,-126.96,16.3,False
194,slice_0194_-127.58mm.png,-127.585,16.0,False
195,slice_0195_-128.21mm.png,-128.21,16.1,False
196,slice_0196_-128.84mm.png,-128.835,15.8,False
197,slice_0197_-129.46mm.png,-129.46,15.6,False
198,slice_0198_-130.09mm.png,-130.085,14.4,False
199,slice_0199_-130.71mm.png,-130.71,13.5,False
200,slice_0200_-131.34mm.png,-131.335,13.5,False
201,slice_0201_-131.96mm.png,-131.96,13.9,False
202,slice_0202_-132.59mm.png,-132.585,14.4,False
203,slice_0203_-133.21mm.png,-133.21,14.1,False
204,slice_0204_-133.84mm.png,-133.835,13.2,False
205,slice_0205_-134.46mm.png,-134.46,11.4,False
206,slice_0206_-135.09mm.png,-135.085,10.2,False
207,slice_0207_-135.71mm.png,-135.71,10.1,False
208,slice_0208_-136.34mm.png,-136.335,9.7,False
209,slice_0209_-136.96mm.png,-136.96,10.0,False
